統一編號,公司名稱,電話,進口資格,出口資格,查詢時間
12868358,緯創資通股份有限公司,02-66169999,有 YES,有 YES,2025-09-25 09:41:21
00000201,,,,2025-09-25 09:41:22,
00000259,,,,2025-09-25 09:41:22,
00000379,,,,2025-09-25 09:41:22,
00000413,,,,2025-09-25 09:41:23,
00001047,,,,2025-09-25 09:41:24,
00001052,,,,2025-09-25 09:41:27,
00001270,,,,2025-09-25 09:41:30,
00001308,,,,2025-09-25 09:41:32,
00001362,,,,2025-09-25 09:41:32,
00001449,,,,2025-09-25 09:41:32,
00002003,,,,2025-09-25 09:41:32,
00002030,今盛環境淨化股份有限公司,0909319513,有 YES,有 YES,2025-09-25 09:41:33
00002453,,,,2025-09-25 09:41:33,
00002572,,,,2025-09-25 09:41:33,
00002670,,,,2025-09-25 09:41:34,
00002876,,,,2025-09-25 09:41:40,
00002881,,,,2025-09-25 09:41:42,
00003024,,,,2025-09-25 09:41:43,
00003538,秝驎國際股份有限公司,04-25666891,有 YES,有 YES,2025-09-25 09:41:43
00003621,,,,2025-09-25 09:41:43,
00003930,,,,2025-09-25 09:41:43,
00004234,,,,2025-09-25 09:41:44,
00004467,,,,2025-09-25 09:41:44,
00004706,,,,2025-09-25 09:41:44,
00005120,,,,2025-09-25 09:41:45,
00005700,大中福國企業有限公司,02-24223768,有 YES,有 YES,2025-09-25 09:41:50
00005780,,,,2025-09-25 09:41:51,
00005830,,,,2025-09-25 09:41:52,
00005846,,,,2025-09-25 09:41:53,
00005965,,,,2025-09-25 09:41:53,
00006471,,,,2025-09-25 09:41:53,
00006535,泰士科技股份有限公司,,有 YES,有 YES,2025-09-25 09:41:54
00006599,,,,2025-09-25 09:41:54,
00006824,,,,2025-09-25 09:41:57,
00007181,,,,2025-09-25 09:42:01,
00007295,,,,2025-09-25 09:42:02,
00007422,,,,2025-09-25 09:42:02,
00007719,樺盈創投股份有限公司,,有 YES,有 YES,2025-09-25 09:42:03
00007915,,,,2025-09-25 09:42:03,
00008105,泰全儲能科技股份有限公司,07-3534736,有 YES,有 YES,2025-09-25 09:42:03
00008180,,,,2025-09-25 09:42:04,
00008251,,,,2025-09-25 09:42:07,
00008554,,,,2025-09-25 09:42:11,
00008674,,,,2025-09-25 09:42:15,
00009028,,,,2025-09-25 09:42:17,
00009441,,,,,2025-09-30 17:21:14
00009667,,,,2025-09-30 17:21:16,
00009913,,,,2025-09-30 17:21:17,
00010469,利東開發有限公司,04-22557511,有 YES,有 YES,2025-09-30 17:21:18
00010524,,,,2025-09-30 17:21:19,
00010897,,,,2025-09-30 17:21:20,
00011018,,,,2025-09-30 17:21:23,
00011203,,,,2025-09-30 17:21:24,
00011328,,,,2025-09-30 17:21:25,
00011517,,,,2025-09-30 17:21:26,
00012558,群曜數位科技股份有限公司,,有 YES,有 YES,2025-09-30 17:21:27
00012706,,,,2025-09-30 17:21:28,
00012868,,,,2025-09-30 17:21:30,
00013016,,,,2025-09-30 17:21:31,
00013135,,,,2025-09-30 17:21:32,
00013249,,,,2025-09-30 17:21:33,
00013368,,,,2025-09-30 17:21:34,
00013607,,,,2025-09-30 17:21:36,
00014394,,,,2025-09-30 17:21:37,
00014839,,,,2025-09-30 17:21:38,
00014887,鉅嘉聯合科技股份有限公司,02-7730-7797,有 YES,有 YES,2025-09-30 17:21:40
00015128,,,,2025-09-30 17:21:47,
00015160,,,,2025-09-30 17:21:48,
00015181,湧達科技股份有限公司,02-2269-6789,有 YES,有 YES,2025-09-30 17:21:50
00015197,,,,2025-09-30 17:21:55,
00015339,,,,2025-09-30 17:21:58,
00015416,,,,2025-09-30 17:21:59,
00015485,,,,2025-09-30 17:22:00,
00015611,,,,2025-09-30 17:22:01,
00016040,,,,2025-09-30 17:22:02,
00016484,,,,2025-09-30 17:22:04,
00017195,,,,2025-09-30 17:22:05,
00017287,,,,2025-09-30 17:22:06,
00017343,,,,2025-09-30 17:22:08,
00017884,,,,2025-09-30 17:22:12,
00017977,,,,2025-09-30 17:22:17,
00018146,,,,2025-09-30 17:22:22,
00018504,源升實業有限公司,02-28918699,有 YES,有 YES,2025-09-30 17:22:25
00018650,旭豐興業有限公司,,有 YES,有 YES,2025-09-30 17:22:26
00018722,兀蘭投資有限公司,,有 YES,有 YES,2025-09-30 17:22:27
00018960,,,,2025-09-30 17:22:28,
00019341,,,,2025-09-30 17:22:30,
00019383,,,,2025-09-30 17:22:31,
00019530,,,,2025-09-30 17:22:32,
00020023,,,,2025-09-30 17:22:34,
00020086,,,,2025-09-30 17:22:35,
00020136,,,,2025-09-30 17:22:37,
00020425,寶盛彩妝股份有限公司,,有 YES,有 YES,2025-09-30 17:22:38
00020950,,,,2025-09-30 17:22:40,
00020993,,,,2025-09-30 17:22:42,
00021043,,,,2025-09-30 17:22:43,
00021162,,,,2025-09-30 17:22:45,
00021254,,,,2025-09-30 17:22:46,
00021304,,,,2025-09-30 17:22:47,
00021407,,,,2025-09-30 17:22:50,
00021521,華成國際物流股份有限公司,02-25172211,有 YES,有 YES,2025-09-30 17:22:51
00021682,,,,2025-09-30 17:22:52,
00021698,,,,2025-09-30 17:22:58,
00021803,,,,2025-09-30 17:22:59,
00021894,,,,2025-09-30 17:23:02,
00022021,祥邑貿易有限公司,04-35005183,有 YES,有 YES,2025-09-30 17:23:03
00022042,,,,2025-09-30 17:23:04,
00022090,,,,2025-09-30 17:23:06,
00022248,,,,2025-09-30 17:23:07,
00022319,,,,2025-09-30 17:23:08,
00022520,,,,2025-09-30 17:23:12,
00022893,瑩春漁業股份有限公司,07-8410277,有 YES,有 YES,2025-09-30 17:23:13
00023210,,,,2025-09-30 17:23:15,
00023274,,,,2025-09-30 17:23:16,
00023886,,,,2025-09-30 17:23:17,
00023936,,,,2025-09-30 17:23:18,
00024132,森宇生醫股份有限公司,03-4333123,有 YES,有 YES,2025-09-30 17:23:19
00024203,,,,2025-09-30 17:23:20,
00024421,,,,2025-09-30 17:23:21,
00024436,有糖國際有限公司,04-22520808,有 YES,有 YES,2025-09-30 17:23:22
00024549,,,,2025-09-30 17:23:23,
00024581,,,,2025-09-30 17:23:24,
00024689,,,,2025-09-30 17:23:25,
00025250,,,,2025-09-30 17:23:27,
00025343,台灣明治醫藥股份有限公司,,有 YES,有 YES,2025-09-30 17:23:28
00025717,,,,2025-09-30 17:23:28,
00026167,英捷智能股份有限公司,0227922122,有 YES,有 YES,2025-09-30 17:23:29
00026188,,,,2025-09-30 17:23:30,
00026835,,,,2025-09-30 17:23:31,
00026906,,,,2025-09-30 17:23:32,
00026928,,,,2025-09-30 17:23:34,
00026954,,,,2025-09-30 17:23:35,
00026997,暖暖趣股份有限公司,02-89139876,有 YES,有 YES,2025-09-30 17:23:36
00027089,,,,2025-09-30 17:23:38,
00027102,,,,2025-09-30 17:23:40,
00027784,,,,2025-09-30 17:23:41,
00028186,,,,2025-09-30 17:23:42,
00028427,,,,2025-09-30 17:23:44,
00028539,,,,2025-09-30 17:23:45,
00028593,,,,2025-09-30 17:23:46,
00028600,,,,2025-09-30 17:23:47,
00028860,,,,2025-09-30 17:23:48,
00029143,方案三三有限公司,02-29630433,有 YES,有 YES,2025-09-30 17:23:51
00029235,,,,2025-09-30 17:23:52,
00029299,,,,2025-09-30 17:23:53,
00030394,,,,2025-09-30 17:23:54,
00030660,,,,2025-09-30 17:23:56,
00030726,,,,2025-09-30 17:23:57,
00030824,,,,2025-09-30 17:24:02,
00030845,,,,2025-09-30 17:24:03,
00031209,,,,2025-09-30 17:24:04,
00031339,景晶科技股份有限公司,03-5970098,有 YES,有 YES,2025-09-30 17:24:05
00031393,,,,2025-09-30 17:24:06,
00031491,,,,2025-09-30 17:24:07,
00031767,,,,2025-09-30 17:24:09,
00031871,,,,2025-09-30 17:24:10,
00031921,,,,2025-09-30 17:24:12,
00032127,進勇科技股份有限公司,,有 YES,有 YES,2025-09-30 17:24:13
00032576,睿創智能有限公司,02-23467000,有 YES,有 YES,2025-09-30 17:24:14
00032668,,,,2025-09-30 17:24:15,
00032718,兆雅資本股份有限公司,,有 YES,有 YES,2025-09-30 17:24:16
00033060,源瑞體育用品有限公司,,有 YES,有 YES,2025-09-30 17:24:17
00033287,,,,2025-09-30 17:24:18,
00033370,,,,2025-09-30 17:24:19,
00033603,,,,2025-09-30 17:24:20,
00033809,,,,2025-09-30 17:24:21,
00033998,,,,2025-09-30 17:24:22,
00034321,,,,2025-09-30 17:24:23,
00034510,,,,2025-09-30 17:24:24,
00034624,,,,2025-09-30 17:24:25,
00035176,太隆實業股份有限公司,24313121,有 YES,有 YES,2025-09-30 17:24:26
00035320,,,,2025-09-30 17:24:27,
00035412,,,,2025-09-30 17:24:28,
00035525,,,,2025-09-30 17:24:29,
00035638,,,,2025-09-30 17:24:30,
00035659,,,,2025-09-30 17:24:32,
00035757,大沃建設有限公司,,有 YES,有 YES,2025-09-30 17:24:33
00035975,,,,2025-09-30 17:24:34,
00036524,,,,2025-09-30 17:24:35,
00036566,富蒂斯科技有限公司,0989008669,有 YES,有 YES,2025-09-30 17:24:37
00036876,,,,2025-09-30 17:24:38,
00036881,,,,2025-09-30 17:24:40,
00036952,,,,2025-09-30 17:24:41,
00037050,老井福科餐飲股份有限公司,04-24180511,有 YES,有 YES,2025-09-30 17:24:42
00037185,,,,2025-09-30 17:24:44,
00037278,,,,2025-09-30 17:24:45,
00037360,,,,2025-09-30 17:24:46,
00037827,,,,2025-09-30 17:24:47,
00037925,柏越投資有限公司,,有 YES,有 YES,2025-09-30 17:24:48
00038065,,,,2025-09-30 17:24:49,
00038305,,,,2025-09-30 17:24:50,
00038396,,,,2025-09-30 17:24:51,
00038522,,,,2025-09-30 17:24:52,
00038558,,,,2025-09-30 17:24:53,
00038591,,,,2025-09-30 17:24:54,
00038889,,,,2025-09-30 17:24:56,
00039120,,,,2025-09-30 17:24:57,
00039297,,,,2025-09-30 17:24:58,
00039521,,,,2025-09-30 17:24:59,
00040246,,,,2025-09-30 17:25:00,
00040301,,,,2025-09-30 17:25:01,
00040463,,,,2025-09-30 17:25:02,
00040695,,,,2025-09-30 17:25:04,
00040787,,,,2025-09-30 17:25:05,
00040908,,,,2025-09-30 17:25:06,
00040941,,,,2025-09-30 17:25:07,
00040956,台誠國際股份有限公司,,有 YES,有 YES,2025-09-30 17:25:10
00040999,,,,2025-09-30 17:25:11,
00041110,百興健康科技股份有限公司,,有 YES,有 YES,2025-09-30 17:25:12
00041266,鍾鼎投資股份有限公司,0923715199,有 YES,有 YES,2025-09-30 17:25:13
00041408,,,,2025-09-30 17:25:14,
00041625,全境教育股份有限公司,,有 YES,有 YES,2025-09-30 17:25:15
00041673,,,,2025-09-30 17:25:16,
00041929,,,,2025-09-30 17:25:17,
00041934,,,,2025-09-30 17:25:21,
00042053,,,,2025-09-30 17:25:22,
00042069,,,,2025-09-30 17:25:24,
00042080,,,,2025-09-30 17:25:25,
00042188,,,,2025-09-30 17:25:26,
00042259,,,,2025-09-30 17:25:27,
00042321,,,,2025-09-30 17:25:28,
00042413,台灣新鴻洲精密股份有限公司,,有 YES,有 YES,2025-09-30 17:25:29
00042461,,,,2025-09-30 17:25:30,
00042477,,,,2025-09-30 17:25:31,
00042498,潮季生鮮農產有限公司,05-2303277,有 YES,有 YES,2025-09-30 17:25:32
00042618,,,,2025-09-30 17:25:33,
00042639,艾克米科技有限公司,0920622859,有 YES,有 YES,2025-09-30 17:25:35
00042808,千庭股份有限公司,02-25210251#1609,有 YES,有 YES,2025-09-30 17:25:36
00042906,,,,2025-09-30 17:25:37,
00043068,佳仁投資有限公司,,有 YES,有 YES,2025-09-30 17:25:38
00043362,,,,2025-09-30 17:25:39,
00043433,,,,2025-09-30 17:25:40,
00043588,,,,2025-09-30 17:25:40,
00043659,,,,2025-09-30 17:25:42,
00043709,,,,2025-09-30 17:25:43,
00043757,,,,2025-09-30 17:25:44,
00043784,,,,2025-09-30 17:25:44,
00043953,,,,2025-09-30 17:25:45,
00043969,宇全智聯股份有限公司,02-27226266,有 YES,有 YES,2025-09-30 17:25:46
00044003,,,,2025-09-30 17:25:47,
00044215,,,,2025-09-30 17:25:48,
00044566,,,,2025-09-30 17:25:49,
00044812,,,,2025-09-30 17:25:49,
00044876,鑫躍不動產投資開發股份有限公司,04-23265045,有 YES,有 YES,2025-09-30 17:25:50
00044881,,,,2025-09-30 17:25:51,
00044968,言恩科技股份有限公司,,有 YES,有 YES,2025-09-30 17:25:52
00045116,,,,2025-09-30 17:25:53,
00045185,諾妍科技股份有限公司,02-77160090,有 YES,有 YES,2025-09-30 17:25:54
00045328,,,,2025-09-30 17:25:55,
00045354,,,,2025-09-30 17:25:56,
00045495,,,,2025-09-30 17:25:57,
00045642,,,,2025-09-30 17:25:58,
00045684,迅能電機科技有限公司,,有 YES,有 YES,2025-09-30 17:25:58
00045951,,,,2025-09-30 17:25:59,
00045988,雅德材料股份有限公司,02-25026220,有 YES,有 YES,2025-09-30 17:26:00
00046190,,,,2025-09-30 17:26:01,
00046298,森耀醫股份有限公司,03-4333123,有 YES,有 YES,2025-09-30 17:26:02
00046375,威杰能源股份有限公司,,有 YES,有 YES,2025-09-30 17:26:03
00046419,,,,2025-09-30 17:26:04,
00046558,,,,2025-09-30 17:26:04,
00046614,,,,2025-09-30 17:26:05,
00046699,,,,2025-09-30 17:26:07,
00047108,,,,2025-09-30 17:26:07,
00047803,,,,2025-09-30 17:26:08,
00047867,,,,2025-09-30 17:26:09,
00047901,,,,2025-09-30 17:26:10,
00048021,,,,2025-09-30 17:26:11,
00048057,,,,2025-09-30 17:26:12,
00048107,,,,2025-09-30 17:26:13,
00048248,,,,2025-09-30 17:26:14,
00048465,,,,2025-09-30 17:26:15,
00048556,,,,2025-09-30 17:26:15,
00048850,,,,2025-09-30 17:26:16,
00049149,,,,2025-09-30 17:26:17,
00049252,,,,2025-09-30 17:26:18,
00049274,銀霧運動整合行銷股份有限公司,,有 YES,有 YES,2025-09-30 17:26:18
00049345,,,,2025-09-30 17:26:19,
00049632,聿翔生物科技股份有限公司,0912569173,有 YES,有 YES,2025-09-30 17:26:20
00049859,上好企業有限公司,,有 YES,有 YES,2025-09-30 17:26:21
00049957,,,,2025-09-30 17:26:21,
00050047,,,,2025-09-30 17:26:24,
00050187,,,,2025-09-30 17:26:25,
00050362,,,,2025-09-30 17:26:26,
00050433,,,,2025-09-30 17:26:26,
00050763,鶴氏國際股份有限公司,,有 YES,有 YES,2025-09-30 17:26:27
00050948,,,,2025-09-30 17:26:28,
00050975,,,,2025-09-30 17:26:29,
00051088,,,,2025-09-30 17:26:30,
00051329,,,,2025-09-30 17:26:30,
00051334,,,,2025-09-30 17:26:31,
00051741,,,,2025-09-30 17:26:32,
00051910,,,,2025-09-30 17:26:33,
00052397,,,,2025-09-30 17:26:34,
00052404,,,,2025-09-30 17:26:35,
00053142,,,,2025-09-30 17:26:36,
00053706,,,,2025-09-30 17:26:37,
00053852,,,,2025-09-30 17:26:37,
00054037,華矽系統科技有限公司,02-29599180#288,有 YES,有 YES,2025-09-30 17:26:38
00054108,宇豐半導體股份有限公司,,有 YES,有 YES,2025-09-30 17:26:39
00054156,,,,2025-09-30 17:26:40,
00054228,晴川之秘國際有限公司,0975878886,有 YES,有 YES,2025-09-30 17:26:41
00054374,,,,2025-09-30 17:26:41,
00054466,,,,2025-09-30 17:26:43,
00055205,,,,2025-09-30 17:26:44,
00055232,,,,2025-09-30 17:26:45,
00055325,,,,2025-09-30 17:26:46,
00055423,,,,2025-09-30 17:26:47,
00055541,,,,2025-09-30 17:26:49,
00055654,,,,2025-09-30 17:26:50,
00055697,,,,2025-09-30 17:26:52,
00055872,,,,2025-09-30 17:26:53,
00056008,,,,2025-09-30 17:26:54,
00056181,,,,2025-09-30 17:27:06,
00056400,,,,2025-09-30 17:27:07,
00056464,其立家有限公司,037-465789,有 YES,有 YES,2025-09-30 17:27:08
00056675,,,,2025-09-30 17:27:08,
00056767,,,,2025-09-30 17:27:09,
00056942,永昌盛投資有限公司,02-2692-7518,有 YES,有 YES,2025-09-30 17:27:11
00057392,,,,2025-09-30 17:27:12,
00057745,,,,2025-09-30 17:27:12,
00057816,,,,2025-09-30 17:27:16,
00057956,鉅霖國際實業有限公司,02-26580505,有 YES,有 YES,2025-09-30 17:27:16
00058060,,,,2025-09-30 17:27:19,
00058224,,,,2025-09-30 17:27:19,
00058391,,,,2025-09-30 17:27:21,
00058420,辰酉國際股份有限公司,,有 YES,有 YES,2025-09-30 17:27:22
00058836,生輝智醫股份有限公司,0975166050,有 YES,有 YES,2025-09-30 17:27:23
00058879,,,,2025-09-30 17:27:23,
00060946,,,,2025-09-30 17:27:24,
00060988,,,,2025-09-30 17:27:26,
00060994,,,,2025-09-30 17:27:27,
00061092,,,,2025-09-30 17:27:28,
00061261,,,,2025-09-30 17:27:29,
00061699,,,,2025-09-30 17:27:30,
00061717,,,,2025-09-30 17:27:31,
00061945,,,,2025-09-30 17:27:32,
00062418,,,,2025-09-30 17:27:33,
00062515,,,,2025-09-30 17:27:35,
00062732,鋒全應用材料有限公司,,有 YES,有 YES,2025-09-30 17:27:36
00062894,,,,2025-09-30 17:27:37,
00062971,,,,2025-09-30 17:27:38,
00062986,,,,2025-09-30 17:27:40,
00063253,,,,2025-09-30 17:27:42,
00063275,,,,2025-09-30 17:27:43,
00063319,東禾環業股份有限公司,,有 YES,有 YES,2025-09-30 17:27:45
00063388,東泓股份有限公司,0952-071-069,有 YES,有 YES,2025-09-30 17:27:46
00063406,,,,2025-09-30 17:27:48,
00063541,,,,2025-09-30 17:27:54,
00063562,,,,2025-09-30 17:27:57,
00063649,,,,2025-09-30 17:27:58,
00063752,,,,2025-09-30 17:27:59,
00063768,,,,2025-09-30 17:28:00,
00063795,,,,2025-09-30 17:28:02,
00063943,,,,2025-09-30 17:28:04,
00063958,,,,2025-09-30 17:28:05,
00064008,,,,2025-09-30 17:28:07,
00064197,,,,2025-09-30 17:28:08,
00064247,,,,2025-09-30 17:28:10,
00064400,,,,2025-09-30 17:28:11,
00064648,,,,2025-09-30 17:28:12,
00064886,,,,2025-09-30 17:28:15,
00064915,,,,2025-09-30 17:28:16,
00065914,,,,2025-09-30 17:28:18,
00066049,曜宏投資有限公司,,有 YES,有 YES,2025-09-30 17:28:18
00066218,神燈智能科技股份有限公司,02-27892000#201,有 YES,有 YES,2025-09-30 17:28:19
00066250,,,,2025-09-30 17:28:20,
00066370,,,,2025-09-30 17:28:24,
00066527,,,,2025-09-30 17:28:25,
00066596,,,,2025-09-30 17:28:26,
00066907,,,,2025-09-30 17:28:27,
00066977,,,,2025-09-30 17:28:29,
00067075,,,,2025-09-30 17:28:32,
00067125,,,,2025-09-30 17:28:33,
00067130,聯鑫材料股份有限公司,,有 YES,有 YES,2025-09-30 17:28:34
00067390,鋐宜股份有限公司,02-87682688,有 YES,有 YES,2025-09-30 17:28:35
00067429,,,,2025-09-30 17:28:36,
00067510,,,,2025-09-30 17:28:37,
00067607,,,,2025-09-30 17:28:38,
00067624,,,,2025-09-30 17:28:39,
00067639,,,,2025-09-30 17:28:40,
00067687,,,,2025-09-30 17:28:41,
00067722,,,,2025-09-30 17:28:43,
00068004,,,,2025-09-30 17:28:44,
00068068,,,,2025-09-30 17:28:45,
00068200,,,,2025-09-30 17:28:49,
00068270,誠昱生技股份有限公司,,有 YES,有 YES,2025-09-30 17:28:50
00068583,永光興實業股份有限公司,02-2423-2134,有 YES,有 YES,2025-09-30 17:28:51
00068594,,,,2025-09-30 17:28:52,
00068757,泓泰聯合股份有限公司,,有 YES,有 YES,2025-09-30 17:28:57
00068911,河清海晏股份有限公司,0926-662740,有 YES,有 YES,2025-09-30 17:28:58
00068969,,,,2025-09-30 17:28:59,
00069067,,,,2025-09-30 17:29:00,
00069171,,,,2025-09-30 17:29:00,
00069593,,,,2025-09-30 17:29:02,
00069691,,,,2025-09-30 17:29:05,
00069720,,,,2025-09-30 17:29:06,
00069801,,,,2025-09-30 17:29:08,
00069806,,,,2025-09-30 17:29:08,
00069881,,,,2025-09-30 17:29:09,
00069952,,,,2025-09-30 17:29:11,
00069995,泓尚運作有限公司,02-23066594,有 YES,有 YES,2025-09-30 17:29:11
00070368,,,,2025-09-30 17:29:12,
00070472,,,,2025-09-30 17:29:13,
00070579,台灣迪睿合行銷股份有限公司,,有 YES,有 YES,2025-09-30 17:29:13
00070819,才學股份有限公司,,有 YES,有 YES,2025-09-30 17:29:14
00070830,秀泰全球影城股份有限公司,,有 YES,有 YES,2025-09-30 17:29:16
00071351,,,,2025-09-30 17:29:16,
00071373,,,,2025-09-30 17:29:17,
00071774,碧威士綠能股份有限公司,02-26983538#16,有 YES,有 YES,2025-09-30 17:29:18
00071839,,,,2025-09-30 17:29:19,
00071943,,,,2025-09-30 17:29:20,
00071958,,,,2025-09-30 17:29:21,
00072078,,,,2025-09-30 17:29:22,
00072128,,,,2025-09-30 17:29:23,
00072289,,,,2025-09-30 17:29:24,
00072437,,,,2025-09-30 17:29:24,
00072458,,,,2025-09-30 17:29:25,
00072507,,,,2025-09-30 17:29:26,
00072540,,,,2025-09-30 17:29:26,
00072555,,,,2025-09-30 17:29:28,
00072886,,,,2025-09-30 17:29:29,
00073007,,,,2025-09-30 17:29:32,
00073098,,,,2025-09-30 17:29:34,
00073148,,,,2025-09-30 17:29:34,
00073169,,,,2025-09-30 17:29:35,
00073359,鼎辰數能股份有限公司,02-27477088,有 YES,有 YES,2025-09-30 17:29:37
00073695,,,,2025-09-30 17:29:38,
00074006,,,,2025-09-30 17:29:40,
00074097,,,,2025-09-30 17:29:41,
00074385,,,,2025-09-30 17:29:41,
00074511,能合半導體股份有限公司,,有 YES,有 YES,2025-09-30 17:29:43
00074694,,,,2025-09-30 17:29:44,
00074701,,,,2025-09-30 17:29:45,
00074759,,,,2025-09-30 17:29:46,
00074836,,,,2025-09-30 17:29:47,
00075130,,,,2025-09-30 17:29:48,
00075173,,,,2025-09-30 17:29:49,
00075188,,,,2025-09-30 17:29:49,
00075309,德昕國際有限公司,,有 YES,有 YES,2025-09-30 17:29:50
00075429,,,,2025-09-30 17:29:50,
00075440,,,,2025-09-30 17:29:51,
00075650,,,,2025-09-30 17:29:53,
00075785,騰暘股份有限公司,02-77207110,有 YES,有 YES,2025-09-30 17:29:54
00075835,日昱資產股份有限公司,02-26761266,有 YES,有 YES,2025-09-30 17:29:55
00075841,,,,2025-09-30 17:29:56,
00075862,,,,2025-09-30 17:29:57,
00075899,,,,2025-09-30 17:29:58,
00076074,,,,2025-09-30 17:29:59,
00076449,,,,2025-09-30 17:29:59,
00076686,兆合科技股份有限公司,,有 YES,有 YES,2025-09-30 17:30:02
00076948,,,,2025-09-30 17:30:04,
00077215,,,,2025-09-30 17:30:05,
00077284,,,,2025-09-30 17:30:08,
00077329,,,,2025-09-30 17:30:09,
00077833,,,,2025-09-30 17:30:09,
00077854,,,,2025-09-30 17:30:11,
00077968,,,,2025-09-30 17:30:11,
00078072,台灣黑水實業股份有限公司,03-5566373,有 YES,有 YES,2025-09-30 17:30:13
00078170,,,,2025-09-30 17:30:14,
00078262,,,,2025-09-30 17:30:14,
00078278,,,,2025-09-30 17:30:15,
00078283,,,,2025-09-30 17:30:16,
00078447,,,,2025-09-30 17:30:17,
00078495,,,,2025-09-30 17:30:18,
00078880,,,,2025-09-30 17:30:18,
00079591,,,,2025-09-30 17:30:19,
00079939,,,,2025-09-30 17:30:20,
00080083,,,,2025-09-30 17:30:21,
00080149,,,,2025-09-30 17:30:22,
00080696,愛偲科技有限公司,,有 YES,有 YES,2025-09-30 17:30:23
00080719,,,,2025-09-30 17:30:24,
00080979,擎學股份有限公司,02-27915639,有 YES,有 YES,2025-09-30 17:30:25
00081371,,,,2025-09-30 17:30:25,
00081533,,,,2025-09-30 17:30:26,
00081549,,,,2025-09-30 17:30:27,
00081581,磐驪聯合建設有限公司,0933355129,有 YES,有 YES,2025-09-30 17:30:28
00081626,,,,2025-09-30 17:30:29,
00081983,,,,2025-09-30 17:30:30,
00082189,,,,2025-09-30 17:30:30,
00082239,,,,2025-09-30 17:30:32,
00082358,鴻聯控股有限公司,0989598519,有 YES,有 YES,2025-09-30 17:30:33
00082483,,,,2025-09-30 17:30:34,
00082688,,,,2025-09-30 17:30:35,
00082786,,,,2025-09-30 17:30:36,
00082821,,,,2025-09-30 17:30:36,
00082955,,,,2025-09-30 17:30:37,
00083048,,,,2025-09-30 17:30:38,
00083096,,,,2025-09-30 17:30:39,
00083103,,,,2025-09-30 17:30:40,
00083477,,,,2025-09-30 17:30:41,
00083618,,,,2025-09-30 17:30:41,
00084047,,,,2025-09-30 17:30:42,
00084068,,,,2025-09-30 17:30:43,
00084118,,,,2025-09-30 17:30:44,
00084145,,,,2025-09-30 17:30:45,
00084150,,,,2025-09-30 17:30:46,
00084341,,,,2025-09-30 17:30:46,
00084362,,,,2025-09-30 17:30:47,
00084412,,,,2025-09-30 17:30:48,
00084433,,,,2025-09-30 17:30:49,
00084763,,,,2025-09-30 17:30:50,
00084877,,,,2025-09-30 17:30:51,
00084975,,,,2025-09-30 17:30:52,
00085030,喜悅軒股份有限公司,,有 YES,有 YES,2025-09-30 17:30:53
00085094,,,,2025-09-30 17:30:54,
00085159,,,,2025-09-30 17:30:54,
00085361,,,,2025-09-30 17:30:55,
00085398,,,,2025-09-30 17:30:56,
00085616,熠發企業有限公司,,有 YES,有 YES,2025-09-30 17:30:57
00085658,宏昌基礎科技股份有限公司,02-27912177,有 YES,有 YES,2025-09-30 17:30:58
00085833,晨星環球投資股份有限公司,0926652255,有 YES,有 YES,2025-09-30 17:30:59
00085897,崑滙股份有限公司,,有 YES,有 YES,2025-09-30 17:30:59
00085952,,,,2025-09-30 17:31:00,
00086143,,,,2025-09-30 17:31:01,
00086349,,,,2025-09-30 17:31:02,
00086468,科滙泉生技股份有限公司,02-25164545,有 YES,有 YES,2025-09-30 17:31:02
00086565,,,,2025-09-30 17:31:03,
00086621,,,,2025-09-30 17:31:04,
00086740,,,,2025-09-30 17:31:05,
00086988,,,,2025-09-30 17:31:06,
00087006,,,,2025-09-30 17:31:07,
00087023,,,,2025-09-30 17:31:08,
00087327,丸籐餐飲有限公司,,有 YES,有 YES,2025-09-30 17:31:09
00087430,,,,2025-09-30 17:31:09,
00087473,,,,2025-09-30 17:31:10,
00087683,,,,2025-09-30 17:31:13,
00087804,,,,2025-09-30 17:31:13,
00088043,,,,2025-09-30 17:31:15,
00088212,德威鑫盈有限公司,,有 YES,有 YES,2025-09-30 17:31:17
00088326,,,,2025-09-30 17:31:17,
00088374,,,,2025-09-30 17:31:18,
00088418,,,,2025-09-30 17:31:19,
00088711,,,,2025-09-30 17:31:20,
00088796,,,,2025-09-30 17:31:21,
00088917,,,,2025-09-30 17:31:23,
00089296,可力生醫股份有限公司,,有 YES,有 YES,2025-09-30 17:31:26
00089599,,,,2025-09-30 17:31:27,
00089606,,,,2025-09-30 17:31:29,
00089768,嘉冠再生科技股份有限公司,02-24223838,有 YES,有 YES,2025-09-30 17:31:31
00089789,,,,2025-09-30 17:31:33,
00090097,,,,2025-09-30 17:31:34,
00090462,,,,2025-09-30 17:31:35,
00090483,華智數位娛樂股份有限公司,,有 YES,有 YES,2025-09-30 17:31:36
00090511,爛醉娛樂股份有限公司,,有 YES,有 YES,2025-09-30 17:31:37
00090706,,,,2025-09-30 17:31:38,
00090717,完美駕馭股份有限公司,02-27913100,有 YES,有 YES,2025-09-30 17:31:38
00090815,,,,2025-09-30 17:31:39,
00090842,,,,2025-09-30 17:31:41,
00091005,,,,2025-09-30 17:31:41,
00091363,,,,2025-09-30 17:31:42,
00091407,,,,2025-09-30 17:31:43,
00091716,帟紘股份有限公司,,有 YES,有 YES,2025-09-30 17:31:44
00091743,,,,2025-09-30 17:31:45,
00092291,碩鋒國際股份有限公司,0939532595,有 YES,有 YES,2025-09-30 17:31:46
00092412,,,,2025-09-30 17:31:46,
00092623,,,,2025-09-30 17:31:47,
00092905,臺南漁產運銷股份有限公司,02-22430128#270,有 YES,有 YES,2025-09-30 17:31:48
00093008,,,,2025-09-30 17:31:49,
00093025,,,,2025-09-30 17:31:49,
00093159,,,,2025-09-30 17:31:51,
00093215,紅樹股份有限公司,04-22257373,有 YES,有 YES,2025-09-30 17:31:52
00093313,,,,2025-09-30 17:31:52,
00093432,,,,2025-09-30 17:31:53,
00093496,,,,2025-09-30 17:31:54,
00093502,喬可電子有限公司,0968680371,有 YES,有 YES,2025-09-30 17:31:55
00093989,,,,2025-09-30 17:31:55,
00094137,東諦鐘錶股份有限公司,06-2253184,有 YES,有 YES,2025-09-30 17:31:57
00094235,,,,2025-09-30 17:31:57,
00094376,海馳科技股份有限公司,,有 YES,有 YES,2025-09-30 17:31:59
00094609,,,,2025-09-30 17:31:59,
00094663,柏瑞生醫有限公司,062903269,有 YES,有 YES,2025-09-30 17:32:00
00094713,,,,2025-09-30 17:32:01,
00094848,,,,2025-09-30 17:32:02,
00094973,,,,2025-09-30 17:32:04,
00095023,,,,2025-09-30 17:32:05,
00095240,奭禾系統科技有限公司,035751811,有 YES,有 YES,2025-09-30 17:32:06
00095255,,,,2025-09-30 17:32:07,
00095327,,,,2025-09-30 17:32:09,
00095348,,,,2025-09-30 17:32:10,
00095516,,,,2025-09-30 17:32:10,
00095902,,,,2025-09-30 17:32:12,
00095966,,,,2025-09-30 17:32:13,
00096141,,,,2025-09-30 17:32:13,
00096326,,,,2025-09-30 17:32:14,
00096374,,,,2025-09-30 17:32:15,
00096439,,,,2025-09-30 17:32:16,
00096493,,,,2025-09-30 17:32:17,
00096629,,,,2025-09-30 17:32:18,
00096705,昭品國際股份有限公司,02-26277739,有 YES,有 YES,2025-09-30 17:32:19
00096825,,,,2025-09-30 17:32:21,
00097015,,,,2025-09-30 17:32:22,
00097036,,,,2025-09-30 17:32:23,
00097182,,,,2025-09-30 17:32:23,
00097471,,,,2025-09-30 17:32:25,
00097578,,,,2025-09-30 17:32:25,
00098078,,,,2025-09-30 17:32:26,
00098106,,,,2025-09-30 17:32:27,
00098154,,,,2025-09-30 17:32:29,
00098181,,,,2025-09-30 17:32:30,
00098247,,,,2025-09-30 17:32:31,
00098318,,,,2025-09-30 17:32:31,
00098350,,,,2025-09-30 17:32:32,
00098507,,,,2025-09-30 17:32:33,
00098730,谷騰堡股份有限公司,,有 YES,有 YES,2025-09-30 17:32:34
00098773,,,,2025-09-30 17:32:35,
00098788,,,,2025-09-30 17:32:36,
00098838,,,,2025-09-30 17:32:37,
00098963,,,,2025-09-30 17:32:38,
00099098,,,,2025-09-30 17:32:38,
00099169,,,,2025-09-30 17:32:39,
00099560,,,,2025-09-30 17:32:40,
00099604,,,,2025-09-30 17:32:41,
00099636,,,,2025-09-30 17:32:42,
00099647,真珠龍股份有限公司,,有 YES,有 YES,2025-09-30 17:32:42
00099695,興聖國際股份有限公司,07-7356605,有 YES,有 YES,2025-09-30 17:32:44
00099864,,,,2025-09-30 17:32:44,
00099874,,,,2025-09-30 17:32:45,
00099920,,,,2025-09-30 17:32:46,
00100089,,,,2025-09-30 17:32:47,
00100187,,,,2025-09-30 17:32:47,
00100314,台灣瑞聲元科技有限公司,0987-269458,有 YES,有 YES,2025-09-30 17:32:48
00100433,,,,2025-09-30 17:32:49,
00100594,,,,2025-09-30 17:32:50,
00101138,思源帷幕股份有限公司,02-85020626,有 YES,有 YES,2025-09-30 17:32:51
00101313,,,,2025-09-30 17:32:51,
00101398,,,,2025-09-30 17:32:52,
00101637,諒達有限公司,,有 YES,有 YES,2025-09-30 17:32:53
00102116,台灣駿河屋股份有限公司,,有 YES,有 YES,2025-09-30 17:32:54
00102220,,,,2025-09-30 17:32:56,
00102241,,,,2025-09-30 17:32:58,
00102690,,,,2025-09-30 17:32:59,
00102761,,,,2025-09-30 17:33:00,
00103017,,,,2025-09-30 17:33:00,
00103229,,,,2025-09-30 17:33:02,
00103282,,,,2025-09-30 17:33:03,
00103408,,,,2025-09-30 17:33:04,
00103467,,,,2025-09-30 17:33:05,
00103585,,,,2025-09-30 17:33:12,
00104135,,,,2025-09-30 17:33:13,
00104141,漢橋工業有限公司,04-23353009,有 YES,有 YES,2025-09-30 17:33:14
00104212,,,,2025-09-30 17:33:19,
00104402,,,,2025-09-30 17:33:20,
00104515,,,,2025-09-30 17:33:22,
00104584,生貿台灣科技有限公司,,有 YES,有 YES,2025-09-30 17:33:23
00104661,,,,2025-09-30 17:33:23,
00104677,,,,2025-09-30 17:33:25,
00104753,,,,2025-09-30 17:33:26,
00105090,,,,2025-09-30 17:33:26,
00105508,,,,2025-09-30 17:33:27,
00105541,,,,2025-09-30 17:33:29,
00105654,優合興業股份有限公司,,有 YES,有 YES,2025-09-30 17:33:30
00105795,,,,2025-09-30 17:33:31,
00105985,,,,2025-09-30 17:33:32,
00106056,,,,2025-09-30 17:33:32,
00106106,,,,2025-09-30 17:33:33,
00106149,,,,2025-09-30 17:33:34,
00106302,,,,2025-09-30 17:33:35,
00106350,,,,2025-09-30 17:33:36,
00106823,,,,2025-09-30 17:33:37,
00106838,,,,2025-09-30 17:33:37,
00106871,,,,2025-09-30 17:33:38,
00106979,,,,2025-09-30 17:33:39,
00106984,康暘建設有限公司,,有 YES,有 YES,2025-09-30 17:33:40
00107082,,,,2025-09-30 17:33:40,
00107230,,,,2025-09-30 17:33:41,
00107365,,,,2025-09-30 17:33:42,
00107822,,,,2025-09-30 17:33:42,
00107978,,,,2025-09-30 17:33:44,
00108110,,,,2025-09-30 17:33:44,
00108147,,,,2025-09-30 17:33:45,
00108272,,,,2025-09-30 17:33:46,
00108322,,,,2025-09-30 17:33:47,
00108408,,,,2025-09-30 17:33:47,
00108483,,,,2025-09-30 17:33:49,
00108532,,,,2025-09-30 17:33:50,
00108809,星鏈能源股份有限公司,0222521333,有 YES,有 YES,2025-09-30 17:33:50
00108842,,,,2025-09-30 17:33:51,
00108890,,,,2025-09-30 17:33:52,
00108913,,,,2025-09-30 17:33:53,
00109413,,,,2025-09-30 17:33:54,
00109455,,,,2025-09-30 17:33:54,
00109547,上野系統科技股份有限公司,03-6992280,有 YES,有 YES,2025-09-30 17:33:55
00109758,,,,2025-09-30 17:33:56,
00109912,安博集成股份有限公司,02-23661678,有 YES,有 YES,2025-09-30 17:33:57
00110039,,,,2025-09-30 17:33:57,
00110050,,,,2025-09-30 17:33:59,
00110170,,,,2025-09-30 17:34:00,
00110538,,,,2025-09-30 17:34:01,
00110586,,,,2025-09-30 17:34:01,
00110729,鈦境運動科技股份有限公司,02-26923636,有 YES,有 YES,2025-09-30 17:34:03
00110755,,,,2025-09-30 17:34:04,
00110853,,,,2025-09-30 17:34:05,
00110896,,,,2025-09-30 17:34:16,
00111425,,,,2025-09-30 17:34:18,
00111430,,,,2025-09-30 17:34:22,
00111641,錦裕股份有限公司,07-3800303#32,有 YES,有 YES,2025-09-30 17:34:23
00111699,,,,2025-09-30 17:34:25,
00111852,,,,2025-09-30 17:34:26,
00112206,,,,2025-09-30 17:34:27,
00112304,,,,2025-09-30 17:34:29,
00112557,金鐘資產股份有限公司,03-2631313,有 YES,有 YES,2025-09-30 17:34:30
00112579,,,,2025-09-30 17:34:31,
00112655,,,,2025-09-30 17:34:32,
00112682,,,,2025-09-30 17:34:33,
00112796,,,,2025-09-30 17:34:33,
00113394,,,,2025-09-30 17:34:34,
00113731,,,,2025-09-30 17:34:35,
00113850,,,,2025-09-30 17:34:36,
00114041,,,,2025-09-30 17:34:36,
00114128,,,,2025-09-30 17:34:37,
00114154,,,,2025-09-30 17:34:38,
00114859,,,,2025-09-30 17:34:39,
00114865,奕大投資控股股份有限公司,0958-888-139,有 YES,有 YES,2025-09-30 17:34:40
00114936,,,,2025-09-30 17:34:40,
00115013,,,,2025-09-30 17:34:41,
00115230,,,,2025-09-30 17:34:42,
00115338,,,,2025-09-30 17:34:43,
00115409,,,,2025-09-30 17:34:44,
00115745,,,,2025-09-30 17:34:45,
00115864,日鵬系統股份有限公司,,有 YES,有 YES,2025-09-30 17:34:46
00115914,,,,2025-09-30 17:34:47,
00115956,高力熱能科技股份有限公司,03-4527005,有 YES,有 YES,2025-09-30 17:34:47
00115983,,,,2025-09-30 17:34:48,
00116060,,,,2025-09-30 17:34:49,
00116097,,,,2025-09-30 17:34:50,
00116505,,,,2025-09-30 17:34:51,
00116688,,,,2025-09-30 17:34:52,
00116771,,,,2025-09-30 17:34:53,
00117005,,,,2025-09-30 17:34:54,
00117146,,,,2025-09-30 17:34:55,
00117151,原磚電子股份有限公司,062989570,有 YES,有 YES,2025-09-30 17:34:56
00117265,,,,2025-09-30 17:35:00,
00117363,鑫權投資有限公司,0929633798,有 YES,有 YES,2025-09-30 17:35:01
00117440,,,,2025-09-30 17:35:03,
00117808,,,,2025-09-30 17:35:04,
00117814,,,,2025-09-30 17:35:05,
00117835,富程貿易有限公司,02-85311035,有 YES,有 YES,2025-09-30 17:35:08
00117960,,,,2025-09-30 17:35:11,
00118068,,,,2025-09-30 17:35:17,
00118102,,,,2025-09-30 17:35:20,
00118270,,,,2025-09-30 17:35:26,
00118314,,,,2025-09-30 17:35:30,
00118320,,,,2025-09-30 17:35:34,
00118449,,,,2025-09-30 17:35:38,
00118623,,,,2025-09-30 17:35:39,
00118659,,,,2025-09-30 17:35:40,
00118784,,,,2025-09-30 17:35:41,
00118882,,,,2025-09-30 17:35:42,
00119192,,,,2025-09-30 17:35:43,
00119221,,,,2025-09-30 17:35:44,
00119453,,,,2025-09-30 17:35:45,
00119670,奇力新科技股份有限公司,02-66299999,有 YES,有 YES,2025-09-30 17:35:45
00119714,,,,2025-09-30 17:35:46,
00119876,,,,2025-09-30 17:35:47,
00120114,,,,2025-09-30 17:35:48,
00120183,,,,2025-09-30 17:35:49,
00120206,,,,2025-09-30 17:35:49,
00120281,,,,2025-09-30 17:35:50,
00120557,宜庭佳居有限公司,0916805788,有 YES,有 YES,2025-09-30 17:35:51
00120607,,,,2025-09-30 17:35:52,
00120705,,,,2025-09-30 17:35:52,
00120769,,,,2025-09-30 17:35:53,
00120938,,,,2025-09-30 17:35:54,
00121042,,,,2025-09-30 17:35:55,
00121063,,,,2025-09-30 17:35:56,
00121303,,,,2025-09-30 17:35:57,
00121325,,,,2025-09-30 17:35:57,
00121406,,,,2025-09-30 17:35:58,
00121535,台灣正能源股份有限公司,02-26683156,有 YES,有 YES,2025-09-30 17:36:00
00121606,崇輝先進股份有限公司,03-564-1224,有 YES,有 YES,2025-09-30 17:36:00
00121710,,,,2025-09-30 17:36:01,
00121774,,,,2025-09-30 17:36:01,
00122133,,,,2025-09-30 17:36:02,
00122295,,,,2025-09-30 17:36:03,
00122302,,,,2025-09-30 17:36:04,
00122339,睿玲資本管理顧問有限公司,0911204499,有 YES,有 YES,2025-09-30 17:36:05
00122751,,,,2025-09-30 17:36:07,
00122865,宥安建機科技股份有限公司,,有 YES,有 YES,2025-09-30 17:36:08
00122892,恆元股份有限公司,02-89796143,有 YES,有 YES,2025-09-30 17:36:09
00123040,,,,2025-09-30 17:36:09,
00123338,,,,2025-09-30 17:36:10,
00123554,,,,2025-09-30 17:36:11,
00123604,,,,2025-09-30 17:36:13,
00123647,,,,2025-09-30 17:36:13,
00123787,,,,2025-09-30 17:36:15,
00123962,,,,2025-09-30 17:36:16,
00124054,,,,2025-09-30 17:36:18,
00124224,盛崎股份有限公司,0958940845,有 YES,有 YES,2025-09-30 17:36:22
00124287,,,,2025-09-30 17:36:23,
00124337,台灣魁力屋國際股份有限公司,02-27369588,有 YES,有 YES,2025-09-30 17:36:24
00124408,,,,2025-09-30 17:36:25,
00124596,,,,2025-09-30 17:36:26,
00124815,高翔永續科技股份有限公司,,有 YES,有 YES,2025-09-30 17:36:27
00124836,,,,2025-09-30 17:36:30,
00124863,和遠投資股份有限公司,,有 YES,有 YES,2025-09-30 17:36:31
00124884,,,,2025-09-30 17:36:33,
00124907,,,,2025-09-30 17:36:35,
00124955,,,,2025-09-30 17:36:36,
00125125,,,,2025-09-30 17:36:38,
00125286,,,,2025-09-30 17:36:39,
00125336,,,,2025-09-30 17:36:40,
00125363,,,,2025-09-30 17:36:42,
00125461,,,,2025-09-30 17:36:43,
00126200,,,,2025-09-30 17:36:44,
00126356,,,,2025-09-30 17:36:46,
00126573,,,,2025-09-30 17:36:46,
00126671,,,,2025-09-30 17:36:47,
00126736,,,,,2025-09-30 17:36:48
00126882,,,,2025-09-30 17:36:49,
00126898,宸溢投資有限公司,03-578-8621 #682,有 YES,有 YES,2025-09-30 17:36:50
00127313,,,,2025-09-30 17:36:51,
00127329,,,,2025-09-30 17:36:52,
00127361,,,,2025-09-30 17:36:53,
00127377,,,,2025-09-30 17:36:54,
00127398,,,,2025-09-30 17:36:55,
00127480,,,,2025-09-30 17:36:55,
00127670,,,,2025-09-30 17:36:56,
00128191,,,,2025-09-30 17:36:57,
00128241,,,,2025-09-30 17:36:58,
00128410,,,,2025-09-30 17:36:59,
00128426,華訊智慧股份有限公司,,有 YES,有 YES,2025-09-30 17:37:00
00128468,二一資本顧問股份有限公司,02-27139295#36,有 YES,有 YES,2025-09-30 17:37:01
00128474,,,,2025-09-30 17:37:01,
00128501,長贊企業股份有限公司,02-26010276,有 YES,有 YES,2025-09-30 17:37:02
00128517,保拉貝爾有限公司,,有 YES,有 YES,2025-09-30 17:37:03
00128538,,,,2025-09-30 17:37:04,
00128679,,,,2025-09-30 17:37:04,
00128973,,,,2025-09-30 17:37:05,
00128988,,,,2025-09-30 17:37:06,
00129001,,,,2025-09-30 17:37:07,
00129071,昆誠投資有限公司,0939662288,有 YES,有 YES,2025-09-30 17:37:08
00129369,,,,2025-09-30 17:37:09,
00129564,,,,2025-09-30 17:37:10,
00129706,友志代夫股份有限公司,02-25592733#212,有 YES,有 YES,2025-09-30 17:37:11
00129754,,,,2025-09-30 17:37:12,
00129902,,,,2025-09-30 17:37:13,
00130008,,,,2025-09-30 17:37:14,
00130112,,,,2025-09-30 17:37:14,
00130268,,,,2025-09-30 17:37:16,
00130345,,,,2025-09-30 17:37:17,
00130540,,,,2025-09-30 17:37:18,
00130582,,,,2025-09-30 17:37:20,
00130605,,,,2025-09-30 17:37:31,
00130669,,,,2025-09-30 17:37:35,
00130703,,,,2025-09-30 17:37:36,
00130963,,,,2025-09-30 17:37:37,
00131225,,,,2025-09-30 17:37:38,
00131251,,,,2025-09-30 17:37:39,
00131436,,,,2025-09-30 17:37:40,
00131457,,,,2025-09-30 17:37:41,
00131724,明日之星娛樂股份有限公司,,有 YES,有 YES,2025-09-30 17:37:41
00131739,嘉春漁業股份有限公司,07-8410277,有 YES,有 YES,2025-09-30 17:37:42
00131745,,,,2025-09-30 17:37:45,
00131750,御麗達股份有限公司,0,有 YES,有 YES,2025-09-30 17:37:45
00131793,,,,2025-09-30 17:37:46,
00131941,沅盛國際開發股份有限公司,02 27033765,有 YES,有 YES,2025-09-30 17:37:47
00132717,,,,2025-09-30 17:37:48,
00133032,,,,2025-09-30 17:37:49,
00133069,,,,2025-09-30 17:37:50,
00133103,,,,2025-09-30 17:37:51,
00133271,,,,2025-09-30 17:37:52,
00133531,,,,2025-09-30 17:37:52,
00133650,,,,2025-09-30 17:37:53,
00133687,昱恒熙生物科技股份有限公司,,有 YES,有 YES,2025-09-30 17:37:54
00133758,,,,2025-09-30 17:37:55,
00133764,,,,2025-09-30 17:37:56,
00134068,如毅控股股份有限公司,,有 YES,有 YES,2025-09-30 17:37:56
00134291,,,,2025-09-30 17:37:57,
00134399,,,,2025-09-30 17:37:58,
00134476,,,,2025-09-30 17:37:59,
00134709,,,,2025-09-30 17:38:00,
00134779,全智能投資股份有限公司,0922441948,有 YES,有 YES,2025-09-30 17:38:01
00135051,,,,2025-09-30 17:38:01,
00135067,,,,2025-09-30 17:38:02,
00135094,,,,2025-09-30 17:38:03,
00135171,,,,2025-09-30 17:38:04,
00135539,,,,2025-09-30 17:38:05,
00135572,,,,2025-09-30 17:38:06,
00135714,,,,2025-09-30 17:38:06,
00136045,,,,2025-09-30 17:38:07,
00136087,,,,2025-09-30 17:38:09,
00136185,,,,2025-09-30 17:38:10,
00136306,,,,2025-09-30 17:38:11,
00136360,,,,2025-09-30 17:38:12,
00136501,,,,2025-09-30 17:38:12,
00136517,,,,2025-09-30 17:38:13,
00136663,傳恆綠能科技股份有限公司,03-4192688,有 YES,有 YES,2025-09-30 17:38:15
00136875,,,,2025-09-30 17:38:16,
00136946,樂生活餐飲股份有限公司,,有 YES,有 YES,2025-09-30 17:38:22
00136951,,,,2025-09-30 17:38:22,
00137109,,,,2025-09-30 17:38:23,
00137136,,,,2025-09-30 17:38:25,
00137179,通達興科技股份有限公司,,有 YES,有 YES,2025-09-30 17:38:26
00137396,,,,2025-09-30 17:38:26,
00137662,星隼光學股份有限公司,,有 YES,有 YES,2025-09-30 17:38:28
00137810,,,,2025-09-30 17:38:28,
00137939,,,,2025-09-30 17:38:30,
00138058,,,,2025-09-30 17:38:30,
00138178,,,,2025-09-30 17:38:31,
00138212,,,,2025-09-30 17:38:32,
00138487,,,,2025-09-30 17:38:32,
00138661,,,,2025-09-30 17:38:33,
00138867,休斯國際生活事業有限公司,0227485085,有 YES,有 YES,2025-09-30 17:38:34
00139205,,,,2025-09-30 17:38:34,
00139303,勝然實業股份有限公司,0919-833839,有 YES,有 YES,2025-09-30 17:38:37
00139520,,,,,2025-09-30 17:38:37
00139752,,,,2025-09-30 17:38:39,
00139893,,,,2025-09-30 17:38:39,
00140076,,,,2025-09-30 17:38:40,
00140435,,,,2025-09-30 17:38:41,
00140483,,,,2025-09-30 17:38:42,
00140603,,,,2025-09-30 17:38:42,
00140738,,,,2025-09-30 17:38:43,
00140929,,,,2025-09-30 17:38:45,
00140934,,,,2025-09-30 17:38:45,
00141286,,,,2025-09-30 17:38:46,
00141309,,,,2025-09-30 17:38:47,
00141357,,,,2025-09-30 17:38:48,
00141624,,,,2025-09-30 17:38:48,
00142089,,,,2025-09-30 17:38:49,
00142187,,,,2025-09-30 17:38:50,
00142193,,,,2025-09-30 17:38:51,
00142503,,,,2025-09-30 17:38:52,
00142519,,,,2025-09-30 17:38:52,
00142686,,,,2025-09-30 17:38:53,
00142932,,,,2025-09-30 17:38:54,
00142953,,,,2025-09-30 17:38:55,
00142969,,,,2025-09-30 17:38:55,
00143215,,,,2025-09-30 17:38:57,
00143313,,,,2025-09-30 17:38:58,
00143355,,,,,2025-09-30 17:39:41
00143361,,,,,2025-09-30 17:39:59
00143539,,,,,2025-09-30 17:40:17
00143550,,,,,2025-09-30 17:40:35
00143783,,,,,2025-09-30 17:40:53
00143812,,,,,2025-09-30 17:41:11
00143881,,,,,2025-09-30 17:41:29
00143995,,,,,2025-09-30 17:41:47
00144072,,,,,2025-09-30 17:42:05
00144137,,,,,2025-09-30 17:42:23
00144523,,,,,2025-09-30 17:42:41
00144559,,,,,2025-09-30 17:42:59
00144571,,,,,2025-09-30 17:43:17
00144880,,,,,2025-09-30 17:43:35
00145038,,,,,2025-09-30 17:43:53
00145109,,,,,2025-09-30 17:44:11
00145136,,,,,2025-09-30 17:44:29
00145229,,,,,2025-09-30 17:44:47
00145620,,,,,2025-09-30 17:45:06
00145733,,,,,2025-09-30 17:45:24
00145889,,,,,2025-09-30 17:45:42
00145976,,,,,2025-09-30 17:46:00
00146199,,,,,2025-09-30 17:46:18
00146228,,,,,2025-09-30 17:46:36
00146389,,,,,2025-09-30 17:46:54
00146521,,,,,2025-09-30 17:47:12
00146640,,,,,2025-09-30 17:47:30
00146711,,,,,2025-09-30 17:47:48
00146796,,,,,2025-09-30 17:48:06
00146877,,,,,2025-09-30 17:48:24
00146917,,,,,2025-09-30 17:48:42
00146971,,,,,2025-09-30 17:49:00
00147129,,,,,2025-09-30 18:00:43
00147423,,,,,2025-09-30 18:01:01
00147535,,,,,2025-09-30 18:01:19
00147599,,,,,2025-09-30 18:01:37
00147606,,,,,2025-09-30 18:01:55
00147789,,,,,2025-09-30 18:02:13
00147887,,,,,2025-09-30 18:02:31
00148247,,,,,2025-09-30 18:02:49
00148295,,,,,2025-09-30 18:03:07
00148302,,,,,2025-09-30 18:03:25
00148324,,,,,2025-09-30 18:03:43
00148669,,,,,2025-09-30 18:04:01
00148823,,,,,2025-09-30 18:04:19
00148990,,,,,2025-09-30 18:04:37
00149098,,,,,2025-09-30 18:04:55
00149506,,,,,2025-09-30 18:05:13
00149512,,,,,2025-09-30 18:05:31
00149626,,,,,2025-09-30 18:05:49
00149702,,,,,2025-09-30 18:06:07
00149745,,,,,2025-09-30 18:06:25
00149793,,,,,2025-09-30 18:06:43
00149800,,,,,2025-09-30 18:07:01
00150019,,,,,2025-09-30 18:07:19
00150025,,,,,2025-09-30 18:07:37
00150088,,,,,2025-09-30 18:07:55
00150117,,,,,2025-09-30 18:08:13
00150405,,,,,2025-09-30 18:08:31
00150411,,,,,2025-09-30 18:08:49
00150637,,,,,2025-09-30 18:09:07
00151191,,,,,2025-09-30 18:09:25
00151495,,,,,2025-09-30 18:09:43
00151621,,,,,2025-09-30 18:10:01
00151951,,,,,2025-09-30 18:10:19
00152157,,,,,2025-09-30 18:10:37
00152255,,,,,2025-09-30 18:10:55
00152327,,,,,2025-10-01 09:08:18
00152516,,,,,2025-10-01 09:08:37
00152939,,,,,2025-10-01 09:08:58
00152950,,,,,2025-10-01 09:09:16
00152987,,,,,2025-10-01 09:09:34
00153064,,,,,2025-10-01 09:09:52
00153156,,,,,2025-10-01 09:10:10
00153228,,,,,2025-10-01 09:10:28
00153260,,,,,2025-10-01 09:10:46
00153389,,,,,2025-10-01 09:11:04
00153607,,,,,2025-10-01 09:11:22
00153613,,,,,2025-10-01 09:11:40
00153661,,,,,2025-10-01 09:11:59
00153796,,,,,2025-10-01 09:12:17
00153867,,,,,2025-10-01 09:12:35
00153992,,,,,2025-10-01 09:12:53
00154129,,,,,2025-10-01 09:13:11
00154198,,,,,2025-10-01 09:13:32
00154248,,,,,2025-10-01 09:13:51
00154508,,,,,2025-10-01 09:14:09
00154599,,,,,2025-10-01 09:14:27
00154768,,,,,2025-10-01 09:14:45
00154839,,,,,2025-10-01 09:15:04
00154991,,,,,2025-10-01 09:15:22
00155014,,,,,2025-10-01 09:15:40
00155128,,,,,2025-10-01 09:15:58
00155133,,,,,2025-10-01 09:16:16
00155231,,,,,2025-10-01 09:16:34
00155491,,,,,2025-10-01 09:16:52
00155513,,,,,2025-10-01 09:17:11
00155577,,,,,2025-10-01 09:17:29
00155653,,,,,2025-10-01 09:17:47
00155942,,,,,2025-10-01 09:18:05
00156061,,,,,2025-10-01 09:18:23
00156317,,,,,2025-10-01 09:18:41
00156457,,,,,2025-10-01 09:18:59
00156560,,,,,2025-10-01 09:19:17
00156793,,,,,2025-10-01 09:19:36
00156914,,,,,2025-10-01 09:19:54
00156941,,,,,2025-10-01 09:20:12
00157006,,,,,2025-10-01 09:20:30
00157195,,,,,2025-10-01 09:20:48
00157266,,,,,2025-10-01 09:21:06
00157483,,,,,2025-10-01 09:21:24
00157569,,,,,2025-10-01 09:21:42
00157688,,,,,2025-10-01 09:22:01
00157890,,,,,2025-10-01 09:22:19
00157934,,,,,2025-10-01 09:22:37
00158011,,,,,2025-10-01 09:22:55
00158103,,,,,2025-10-01 09:23:13
00158413,,,,,2025-10-01 09:23:31
00158687,,,,,2025-10-01 09:23:49
00158743,,,,,2025-10-01 09:24:07
00158835,,,,,2025-10-01 09:24:26
00158928,,,,,2025-10-01 09:39:10
00158981,,,,,2025-10-01 09:39:29
00159068,,,,,2025-10-01 09:39:47
00159356,,,,,2025-10-01 09:40:06
00159399,,,,,2025-10-01 09:40:24
00159573,,,,,2025-10-01 09:40:42
00159671,,,,,2025-10-01 09:41:00
00159686,,,,,2025-10-01 09:41:18
00159779,,,,,2025-10-01 09:41:36
00159898,,,,,2025-10-01 09:41:54
00159932,,,,,2025-10-01 09:42:12
00160023,,,,,2025-10-01 09:42:30
00160065,,,,,2025-10-01 09:42:48
00160184,,,,,2025-10-01 09:43:06
00160202,,,,,2025-10-01 09:43:24
00160298,,,,,2025-10-01 09:43:42
00160488,,,,,2025-10-01 09:44:01
00160494,,,,,2025-10-01 09:44:19
00160516,,,,,2025-10-01 09:44:37
00160620,,,,,2025-10-01 09:44:55
00160683,,,,,2025-10-01 09:45:13
00160749,,,,,2025-10-01 09:45:31
00161043,,,,,2025-10-01 09:45:49
00161064,,,,,2025-10-01 09:46:07
00161183,,,,,2025-10-01 09:46:25
00161249,,,,,2025-10-01 09:46:43
00161521,,,,,2025-10-01 09:47:01
00161732,,,,,2025-10-01 09:47:19
00161753,,,,,2025-10-01 09:47:37
00161819,,,,,2025-10-01 09:47:56
00161846,,,,,2025-10-01 09:48:14
00161894,,,,,2025-10-01 09:48:32
00162021,,,,,2025-10-01 09:48:50
00162134,,,,,2025-10-01 09:49:08
00162330,,,,,2025-10-01 09:49:26
00162346,,,,,2025-10-01 09:49:44
00162471,,,,,2025-10-01 09:50:02
00162583,,,,,2025-10-01 09:50:20
00162649,,,,,2025-10-01 09:50:38
00162697,,,,,2025-10-01 09:50:56
00162768,,,,2025-10-01 09:51:21,
00162958,,,,2025-10-01 09:51:22,
00162964,,,,2025-10-01 09:51:22,
00163176,丞煦有限公司,0937138640,有 YES,有 YES,2025-10-01 09:51:23
00163318,,,,2025-10-01 09:51:24,
00163345,,,,2025-10-01 09:51:25,
00163416,,,,2025-10-01 09:51:25,
00163422,,,,2025-10-01 09:51:26,
00163437,,,,2025-10-01 09:51:30,
00163464,,,,2025-10-01 09:51:31,
00163632,,,,2025-10-01 09:51:32,
00163675,丹士特股份有限公司,,有 YES,有 YES,2025-10-01 09:51:37
00163984,,,,2025-10-01 09:51:39,
00164061,,,,2025-10-01 09:51:40,
00164196,,,,2025-10-01 09:51:44,
00164273,,,,2025-10-01 09:51:45,
00164359,,,,2025-10-01 09:51:47,
00164386,,,,2025-10-01 09:51:48,
00164457,,,,2025-10-01 09:51:49,
00164463,台鴞視覺科技股份有限公司,02-77507057,有 YES,有 YES,2025-10-01 09:51:50
00164581,本一科技股份有限公司,,有 YES,有 YES,2025-10-01 09:51:51
00164837,,,,2025-10-01 09:51:52,
00164885,,,,2025-10-01 09:51:53,
00164999,銳宇開發建設股份有限公司,04-24731968,有 YES,有 YES,2025-10-01 09:51:54
00165343,,,,2025-10-01 09:51:54,
00165420,地平線整合運動股份有限公司,,有 YES,有 YES,2025-10-01 09:51:55
00165688,,,,2025-10-01 09:51:56,
00165738,,,,2025-10-01 09:51:57,
00165765,,,,2025-10-01 09:51:59,
00165863,,,,2025-10-01 09:52:00,
00165998,,,,2025-10-01 09:52:02,
00166005,,,,2025-10-01 09:52:02,
00166080,萊肯新台灣有限公司,0976157812,有 YES,有 YES,2025-10-01 09:52:05
00166201,,,,2025-10-01 09:52:06,
00166271,,,,2025-10-01 09:52:07,
00166286,,,,2025-10-01 09:52:08,
00166440,,,,2025-10-01 09:52:08,
00166510,,,,2025-10-01 09:52:09,
00166568,,,,2025-10-01 09:52:10,
00166687,,,,2025-10-01 09:52:11,
00166808,星磊科技股份有限公司,02-2268-9189,有 YES,有 YES,2025-10-01 09:52:12
00166841,,,,2025-10-01 09:52:13,
00167095,,,,2025-10-01 09:52:15,
00167166,,,,2025-10-01 09:52:16,
00167216,,,,2025-10-01 09:52:16,
00167335,,,,2025-10-01 09:52:17,
00167406,,,,2025-10-01 09:52:18,
00167476,,,,2025-10-01 09:52:19,
00167573,,,,2025-10-01 09:52:20,
00167953,,,,2025-10-01 09:52:21,
00168290,,,,2025-10-01 09:52:22,
00168398,易臨有限公司,,有 YES,有 YES,2025-10-01 09:52:27
00168411,茂勝資源循環股份有限公司,,有 YES,有 YES,2025-10-01 09:52:29
00168545,,,,2025-10-01 09:52:34,
00168658,,,,2025-10-01 09:52:38,
00168806,,,,2025-10-01 09:52:40,
00168812,貫盟股份有限公司,,有 YES,有 YES,2025-10-01 09:52:43
00168910,,,,2025-10-01 09:52:44,
00168989,萊翁司農產有限公司,02-25155088,有 YES,有 YES,2025-10-01 09:52:45
00169538,,,,2025-10-01 09:52:45,
00169615,力祁科技有限公司,,有 YES,有 YES,2025-10-01 09:52:46
00169684,澄台灣可樂股份有限公司,0937507656,有 YES,有 YES,2025-10-01 09:52:47
00169811,,,,2025-10-01 09:52:48,
00169951,,,,2025-10-01 09:52:49,
00170021,,,,2025-10-01 09:52:50,
00170107,,,,2025-10-01 09:52:51,
00170140,興裕股份有限公司,,有 YES,有 YES,2025-10-01 09:52:52
00170161,,,,2025-10-01 09:52:53,
00170325,,,,2025-10-01 09:52:54,
00170541,,,,2025-10-01 09:52:55,
00170710,,,,2025-10-01 09:52:55,
00170916,,,,2025-10-01 09:52:56,
00171035,,,,2025-10-01 09:52:57,
00171106,,,,2025-10-01 09:52:58,
00171154,,,,2025-10-01 09:52:59,
00171464,,,,2025-10-01 09:53:00,
00171470,,,,2025-10-01 09:53:01,
00171491,,,,2025-10-01 09:53:02,
00171534,,,,2025-10-01 09:53:03,
00171605,,,,2025-10-01 09:53:04,
00171801,,,,2025-10-01 09:53:05,
00171921,,,,2025-10-01 09:53:06,
00171979,,,,2025-10-01 09:53:07,
00172002,,,,2025-10-01 09:53:07,
00172105,晶能精密科技有限公司,,有 YES,有 YES,2025-10-01 09:53:08
00172251,,,,2025-10-01 09:53:09,
00172323,,,,2025-10-01 09:53:10,
00172490,,,,2025-10-01 09:53:11,
00172554,,,,2025-10-01 09:53:12,
00172581,新鷹科技股份有限公司,07-6164401-261,有 YES,有 YES,2025-10-01 09:53:13
00172647,杰樂娛樂股份有限公司,02-77188588,有 YES,有 YES,2025-10-01 09:53:13
00172772,,,,2025-10-01 09:53:14,
00172891,,,,2025-10-01 09:53:15,
00173097,,,,2025-10-01 09:53:16,
00173126,斯特林投資有限公司,02-82799233,有 YES,有 YES,2025-10-01 09:53:17
00173287,,,,2025-10-01 09:53:19,
00173293,,,,2025-10-01 09:53:20,
00173435,誠匯水產股份有限公司,02-23680208,有 YES,有 YES,2025-10-01 09:53:21
00173456,諾亞智慧生醫股份有限公司,,有 YES,有 YES,2025-10-01 09:53:22
00173596,,,,2025-10-01 09:53:24,
00173630,,,,2025-10-01 09:53:25,
00173688,旭程工業股份有限公司,,有 YES,有 YES,2025-10-01 09:53:26
00173786,興宇開發股份有限公司,02-27920150,有 YES,有 YES,2025-10-01 09:53:27
00173792,暻裕生醫股份有限公司,,有 YES,有 YES,2025-10-01 09:53:31
00173842,,,,2025-10-01 09:53:37,
00174194,,,,2025-10-01 09:53:39,
00174201,穩德生技股份有限公司,,有 YES,有 YES,2025-10-01 09:53:40
00174477,,,,2025-10-01 09:53:42,
00174666,,,,2025-10-01 09:53:43,
00174700,,,,2025-10-01 09:53:43,
00174856,,,,2025-10-01 09:53:44,
00174862,,,,2025-10-01 09:53:45,
00174928,,,,2025-10-01 09:53:46,
00175200,,,,2025-10-01 09:53:47,
00175237,,,,2025-10-01 09:53:48,
00175308,,,,2025-10-01 09:53:49,
00175519,,,,2025-10-01 09:53:50,
00175546,盛祈股份有限公司,,有 YES,有 YES,2025-10-01 09:53:50
00175659,,,,2025-10-01 09:53:51,
00176236,星世達股份有限公司,0953907063,有 YES,有 YES,2025-10-01 09:53:52
00176427,,,,2025-10-01 09:53:53,
00176475,,,,2025-10-01 09:53:53,
00176756,,,,2025-10-01 09:53:54,
00176812,,,,2025-10-01 09:53:55,
00176904,,,,2025-10-01 09:53:56,
00176910,,,,2025-10-01 09:53:56,
00176947,,,,2025-10-01 09:53:58,
00177278,,,,2025-10-01 09:53:59,
00177328,,,,2025-10-01 09:53:59,
00177333,,,,2025-10-01 09:54:00,
00177360,,,,2025-10-01 09:54:01,
00177431,,,,2025-10-01 09:54:01,
00177452,,,,2025-10-01 09:54:02,
00177474,莫迪維克台灣股份有限公司,02-85113670,有 YES,有 YES,2025-10-01 09:54:03
00177501,,,,2025-10-01 09:54:03,
00177523,,,,2025-10-01 09:54:04,
00177538,,,,2025-10-01 09:54:05,
00177663,,,,2025-10-01 09:54:06,
00177684,英菲菱電源股份有限公司,,有 YES,有 YES,2025-10-01 09:54:07
00177951,,,,2025-10-01 09:54:08,
00178086,,,,2025-10-01 09:54:09,
00178163,,,,2025-10-01 09:54:10,
00178430,潔酷智能自動化科技有限公司,,有 YES,有 YES,2025-10-01 09:54:11
00178614,,,,2025-10-01 09:54:12,
00178656,,,,2025-10-01 09:54:13,
00178712,,,,2025-10-01 09:54:15,
00178749,,,,2025-10-01 09:54:16,
00179022,,,,2025-10-01 09:54:17,
00179064,右興企業股份有限公司,05-2836767,有 YES,有 YES,2025-10-01 09:54:18
00179352,,,,2025-10-01 09:54:18,
00179424,,,,2025-10-01 09:54:20,
00180013,塔塔台灣電子股份有限公司,,有 YES,有 YES,2025-10-01 09:54:20
00180029,,,,2025-10-01 09:54:21,
00180132,,,,2025-10-01 09:54:22,
00180246,,,,2025-10-01 09:54:22,
00180409,,,,2025-10-01 09:54:23,
00180463,沅隆機械工程股份有限公司,,有 YES,有 YES,2025-10-01 09:54:23
00180702,,,,2025-10-01 09:54:24,
00180983,山林匯開發股份有限公司,02-87736688,有 YES,有 YES,2025-10-01 09:54:25
00181033,,,,2025-10-01 09:54:26,
00181081,,,,2025-10-01 09:54:27,
00181224,立盈電力股份有限公司,,有 YES,有 YES,2025-10-01 09:54:28
00181527,千域資安股份有限公司,,有 YES,有 YES,2025-10-01 09:54:28
00181548,,,,2025-10-01 09:54:29,
00181619,,,,2025-10-01 09:54:30,
00181688,,,,2025-10-01 09:54:31,
00181759,,,,2025-10-01 09:54:32,
00181857,,,,2025-10-01 09:54:32,
00182238,,,,2025-10-01 09:54:33,
00182357,大恒互聯科技有限公司,0422330657,有 YES,有 YES,2025-10-01 09:54:34
00182547,,,,2025-10-01 09:54:35,
00182722,,,,2025-10-01 09:54:35,
00182758,台塑生醫材料科技股份有限公司,,有 YES,有 YES,2025-10-01 09:54:36
00182878,,,,2025-10-01 09:54:37,
00182912,,,,2025-10-01 09:54:38,
00183052,,,,2025-10-01 09:54:38,
00183216,,,,2025-10-01 09:54:39,
00183412,,,,2025-10-01 09:54:40,
00183623,,,,2025-10-01 09:54:41,
00183686,宸信企業股份有限公司,0970821108,有 YES,有 YES,2025-10-01 09:54:42
00183757,,,,2025-10-01 09:54:42,
00184051,智能未來科技有限公司,,有 YES,有 YES,2025-10-01 09:54:43
00184313,,,,2025-10-01 09:54:45,
00184355,凱智智能系統股份有限公司,04-8929268,有 YES,有 YES,2025-10-01 09:54:49
00184480,,,,2025-10-01 09:54:50,
00184691,,,,2025-10-01 09:54:51,
00185185,,,,2025-10-01 09:54:52,
00185283,,,,2025-10-01 09:54:56,
00185312,瓦掐國際股份有限公司,02-25788878#219,有 YES,有 YES,2025-10-01 09:54:57
00185333,,,,2025-10-01 09:54:58,
00185354,,,,2025-10-01 09:54:59,
00185360,,,,2025-10-01 09:55:03,
00185397,,,,2025-10-01 09:55:06,
00185474,,,,2025-10-01 09:55:08,
00185571,,,,2025-10-01 09:55:10,
00185663,,,,2025-10-01 09:55:11,
00185679,,,,2025-10-01 09:55:12,
00185946,,,,2025-10-01 09:55:13,
00186023,,,,2025-10-01 09:55:14,
00186425,,,,2025-10-01 09:55:15,
00186706,,,,2025-10-01 09:55:16,
00186749,,,,2025-10-01 09:55:16,
00186895,,,,2025-10-01 09:55:17,
00186966,,,,2025-10-01 09:55:18,
00186993,,,,2025-10-01 09:55:19,
00187120,,,,2025-10-01 09:55:19,
00187156,華太醫療器材有限公司,07-3927188,有 YES,有 YES,2025-10-01 09:55:20
00187249,,,,2025-10-01 09:55:21,
00187254,,,,2025-10-01 09:55:22,
00187352,,,,2025-10-01 09:55:23,
00187445,,,,2025-10-01 09:55:23,
00187487,,,,2025-10-01 09:55:24,
00187698,,,,2025-10-01 09:55:25,
00187705,,,,2025-10-01 09:55:26,
00187825,,,,2025-10-01 09:55:27,
00187938,,,,2025-10-01 09:55:28,
00187965,,,,2025-10-01 09:55:29,
00188269,,,,2025-10-01 09:55:30,
00188401,,,,2025-10-01 09:55:34,
00188562,,,,2025-10-01 09:55:37,
00188660,,,,2025-10-01 09:55:40,
00188789,,,,2025-10-01 09:55:42,
00188802,,,,2025-10-01 09:55:46,
00188958,,,,2025-10-01 09:55:46,
00189078,,,,2025-10-01 09:55:48,
00189181,,,,2025-10-01 09:55:49,
00189339,,,,2025-10-01 09:55:49,
00189387,,,,2025-10-01 09:55:50,
00189422,,,,2025-10-01 09:55:51,
00189859,,,,2025-10-01 09:55:52,
00190201,,,,2025-10-01 09:55:53,
00190384,東星海洋生技股份有限公司,0227470006#167,有 YES,有 YES,2025-10-01 09:55:54
00190687,,,,2025-10-01 09:55:55,
00190700,,,,2025-10-01 09:55:56,
00190791,,,,2025-10-01 09:55:56,
00190814,,,,2025-10-01 09:55:58,
00190997,,,,2025-10-01 09:55:59,
00191047,,,,2025-10-01 09:56:00,
00191139,,,,2025-10-01 09:56:01,
00191145,,,,2025-10-01 09:56:02,
00191503,,,,2025-10-01 09:56:03,
00191519,,,,2025-10-01 09:56:05,
00191551,新泰旅居文旅股份有限公司,,有 YES,有 YES,2025-10-01 09:56:05
00191757,,,,2025-10-01 09:56:06,
00191932,,,,2025-10-01 09:56:08,
00192051,,,,2025-10-01 09:56:09,
00192171,,,,2025-10-01 09:56:09,
00192263,,,,2025-10-01 09:56:10,
00192355,信鋐科技股份有限公司,0,有 YES,有 YES,2025-10-01 09:56:11
00192432,,,,2025-10-01 09:56:11,
00192670,,,,2025-10-01 09:56:12,
00192691,,,,2025-10-01 09:56:13,
00192778,,,,2025-10-01 09:56:14,
00192860,,,,2025-10-01 09:56:15,
00193122,,,,2025-10-01 09:56:15,
00193137,,,,2025-10-01 09:56:16,
00193278,,,,2025-10-01 09:56:17,
00193410,,,,2025-10-01 09:56:18,
00193431,初心創盈股份有限公司,0972982370,有 YES,有 YES,2025-10-01 09:56:19
00193523,天圓地方投資股份有限公司,02-23886065,有 YES,有 YES,2025-10-01 09:56:19
00193811,,,,2025-10-01 09:56:20,
00193994,,,,2025-10-01 09:56:21,
00194115,,,,2025-10-01 09:56:21,
00194136,,,,2025-10-01 09:56:22,
00194179,,,,2025-10-01 09:56:23,
00194207,,,,2025-10-01 09:56:24,
00194234,,,,2025-10-01 09:56:25,
00194419,,,,2025-10-01 09:56:26,
00194564,,,,2025-10-01 09:56:27,
00194614,,,,2025-10-01 09:56:27,
00194683,大風能源材料股份有限公司,,有 YES,有 YES,2025-10-01 09:56:28
00194776,,,,2025-10-01 09:56:29,
00194831,勤信國際股份有限公司,,有 YES,有 YES,2025-10-01 09:56:30
00194852,寬盈健康事業股份有限公司,02-28210618,有 YES,有 YES,2025-10-01 09:56:34
00194895,,,,2025-10-01 09:56:41,
00194939,,,,2025-10-01 09:56:45,
00195064,,,,2025-10-01 09:56:46,
00195228,,,,2025-10-01 09:56:50,
00195536,,,,2025-10-01 09:56:52,
00195682,,,,2025-10-01 09:56:53,
00195888,,,,2025-10-01 09:56:58,
00196036,,,,2025-10-01 09:56:59,
00196232,,,,2025-10-01 09:57:00,
00196373,,,,2025-10-01 09:57:00,
00196535,,,,2025-10-01 09:57:01,
00196731,,,,2025-10-01 09:57:02,
00196802,,,,2025-10-01 09:57:03,
00196900,愛叡科技股份有限公司,,有 YES,有 YES,2025-10-01 09:57:04
00196943,,,,2025-10-01 09:57:04,
00197210,,,,2025-10-01 09:57:06,
00197485,盈晟企業有限公司,04-22557511,有 YES,有 YES,2025-10-01 09:57:06
00197507,,,,2025-10-01 09:57:08,
00197838,,,,2025-10-01 09:57:09,
00197990,,,,2025-10-01 09:57:11,
00198040,,,,2025-10-01 09:57:12,
00198061,,,,2025-10-01 09:57:12,
00198077,,,,2025-10-01 09:57:14,
00198273,,,,2025-10-01 09:57:15,
00198457,,,,2025-10-01 09:57:16,
00198702,,,,2025-10-01 09:57:16,
00198718,,,,2025-10-01 09:57:17,
00198750,,,,2025-10-01 09:57:18,
00198816,黑隆重機設備企業有限公司,04-25563861,有 YES,有 YES,2025-10-01 09:57:18
00199038,,,,2025-10-01 09:57:19,
00199054,,,,2025-10-01 09:57:20,
00199110,,,,2025-10-01 09:57:20,
00199131,,,,2025-10-01 09:57:21,
00199147,和旺友比股份有限公司,,有 YES,有 YES,2025-10-01 09:57:22
00199276,,,,2025-10-01 09:57:23,
00199300,,,,2025-10-01 09:57:24,
00199364,,,,2025-10-01 09:57:25,
00199414,,,,2025-10-01 09:57:26,
00199646,,,,2025-10-01 09:57:26,
00199688,星宇開發股份有限公司,04-22557511,有 YES,有 YES,2025-10-01 09:57:27
00199771,,,,2025-10-01 09:57:28,
00199809,瑞榮工業有限公司,02-26008196,有 YES,有 YES,2025-10-01 09:57:28
00199842,,,,2025-10-01 09:57:29,
00199940,,,,2025-10-01 09:57:30,
00200263,,,,2025-10-01 09:57:33,
00200453,拓普威股份有限公司,,有 YES,有 YES,2025-10-01 09:57:40
00200658,,,,2025-10-01 09:57:40,
00200685,,,,2025-10-01 09:57:41,
00200828,,,,2025-10-01 09:57:43,
00200931,,,,2025-10-01 09:57:44,
00201093,,,,2025-10-01 09:57:44,
00201306,,,,2025-10-01 09:57:46,
00201642,,,,2025-10-01 09:57:47,
00201777,,,,2025-10-01 09:57:48,
00201811,,,,2025-10-01 09:57:49,
00201930,,,,2025-10-01 09:57:50,
00202184,,,,2025-10-01 09:57:51,
00202261,,,,2025-10-01 09:57:52,
00202375,澄願有限公司,,有 YES,有 YES,2025-10-01 09:57:53
00202403,,,,2025-10-01 09:57:55,
00202430,,,,2025-10-01 09:57:56,
00202494,,,,2025-10-01 09:57:57,
00202585,,,,2025-10-01 09:57:58,
00202591,,,,2025-10-01 09:57:58,
00202608,,,,2025-10-01 09:57:59,
00202939,,,,2025-10-01 09:58:03,
00203536,智煜投資股份有限公司,,有 YES,有 YES,2025-10-01 09:58:03
00203634,,,,2025-10-01 09:58:05,
00203894,,,,2025-10-01 09:58:06,
00204063,,,,2025-10-01 09:58:06,
00204129,,,,2025-10-01 09:58:07,
00204182,,,,2025-10-01 09:58:08,
00204198,,,,2025-10-01 09:58:09,
00204248,,,,2025-10-01 09:58:10,
00204253,,,,2025-10-01 09:58:11,
00204508,,,,2025-10-01 09:58:12,
00204606,,,,2025-10-01 09:58:13,
00205056,,,,2025-10-01 09:58:14,
00205295,,,,2025-10-01 09:58:15,
00205507,樂夥資訊股份有限公司,,有 YES,有 YES,2025-10-01 09:58:15
00205648,,,,2025-10-01 09:58:17,
00205823,,,,2025-10-01 09:58:18,
00205892,,,,2025-10-01 09:58:19,
00206082,,,,2025-10-01 09:58:20,
00206132,,,,2025-10-01 09:58:20,
00206196,華泳股份有限公司,04-23588805,有 YES,有 YES,2025-10-01 09:58:21
00206246,台灣超流智能液冷設備股份有限公司,,有 YES,有 YES,2025-10-01 09:58:22
00206338,,,,2025-10-01 09:58:22,
00206359,,,,2025-10-01 09:58:23,
00206506,,,,2025-10-01 09:58:24,
00206512,,,,2025-10-01 09:58:24,
00206610,,,,2025-10-01 09:58:25,
00206626,,,,2025-10-01 09:58:26,
00206652,,,,2025-10-01 09:58:27,
00206920,齊力興金屬股份有限公司,0919-686625,有 YES,有 YES,2025-10-01 09:58:28
00207152,,,,2025-10-01 09:58:28,
00207293,,,,2025-10-01 09:58:29,
00207414,,,,2025-10-01 09:58:30,
00207420,,,,2025-10-01 09:58:34,
00207456,,,,2025-10-01 09:58:38,
00207499,品饕控股有限公司,,有 YES,有 YES,2025-10-01 09:58:41
00207786,,,,2025-10-01 09:58:42,
00207842,,,,2025-10-01 09:58:43,
00207879,,,,2025-10-01 09:58:44,
00208292,,,,2025-10-01 09:58:46,
00208440,,,,2025-10-01 09:58:47,
00208650,,,,2025-10-01 09:58:48,
00208758,,,,2025-10-01 09:58:49,
00208785,,,,2025-10-01 09:58:50,
00208791,,,,2025-10-01 09:58:52,
00208820,,,,2025-10-01 09:58:53,
00208906,,,,2025-10-01 09:58:54,
00208954,,,,2025-10-01 09:58:55,
00208960,,,,2025-10-01 09:58:58,
00208981,亮愷股份有限公司,02-26537878,有 YES,有 YES,2025-10-01 09:58:59
00209193,,,,2025-10-01 09:59:01,
00209264,,,,2025-10-01 09:59:01,
00209270,興力國際股份有限公司,,有 YES,有 YES,2025-10-01 09:59:04
00209567,,,,2025-10-01 09:59:04,
00209779,,,,2025-10-01 09:59:05,
00210240,,,,2025-10-01 09:59:06,
00210327,,,,2025-10-01 09:59:07,
00210516,,,,2025-10-01 09:59:09,
00210712,,,,2025-10-01 09:59:09,
00210868,,,,2025-10-01 09:59:11,
00210889,,,,2025-10-01 09:59:12,
00210993,,,,2025-10-01 09:59:13,
00211058,,,,2025-10-01 09:59:13,
00211085,,,,2025-10-01 09:59:15,
00211120,,,,2025-10-01 09:59:15,
00211402,奧俊投資有限公司,,有 YES,有 YES,2025-10-01 09:59:17
00211584,,,,2025-10-01 09:59:18,
00211753,,,,2025-10-01 09:59:19,
00212090,,,,2025-10-01 09:59:20,
00212351,,,,2025-10-01 09:59:21,
00212367,仁緯科技股份有限公司,03-4880398#207,有 YES,有 YES,2025-10-01 09:59:23
00212514,,,,2025-10-01 09:59:23,
00212697,,,,2025-10-01 09:59:24,
00212726,,,,2025-10-01 09:59:25,
00212818,和泰巴士銷售股份有限公司,04-8890809,有 YES,有 YES,2025-10-01 09:59:26
00212824,彼特思方舟股份有限公司,,有 YES,有 YES,2025-10-01 09:59:27
00212845,,,,2025-10-01 09:59:28,
00212893,永承鋼鐵股份有限公司,04-24069817,有 YES,有 YES,2025-10-01 09:59:29
00213062,中國國際商貿有限公司,0933944885,有 YES,有 YES,2025-10-01 09:59:29
00213534,奧斯汀台北汽車有限公司,,有 YES,有 YES,2025-10-01 09:59:30
00213561,全海通有限公司,,有 YES,有 YES,2025-10-01 09:59:35
00213801,,,,2025-10-01 09:59:36,
00213915,,,,2025-10-01 09:59:37,
00213942,,,,2025-10-01 09:59:40,
00214294,,,,2025-10-01 09:59:42,
00214457,,,,2025-10-01 09:59:44,
00214631,,,,2025-10-01 09:59:45,
00214962,,,,2025-10-01 09:59:46,
00214983,遙遠國度有限公司,02-22557277,有 YES,有 YES,2025-10-01 09:59:46
00214999,,,,2025-10-01 09:59:47,
00215104,,,,2025-10-01 09:59:48,
00215316,,,,2025-10-01 09:59:49,
00216032,,,,2025-10-01 09:59:49,
00216069,,,,2025-10-01 09:59:50,
00216265,明永股份有限公司,02-25455711,有 YES,有 YES,2025-10-01 09:59:51
00216693,,,,2025-10-01 09:59:52,
00216700,,,,2025-10-01 09:59:53,
00216716,,,,2025-10-01 09:59:54,
00216928,,,,2025-10-01 09:59:55,
00217010,,,,2025-10-01 09:59:56,
00217124,豐炎資本股份有限公司,,有 YES,有 YES,2025-10-01 09:59:57
00217193,,,,2025-10-01 10:00:00,
00217237,,,,2025-10-01 10:00:01,
00217314,,,,2025-10-01 10:00:01,
00217406,,,,2025-10-01 10:00:02,
00217551,,,,2025-10-01 10:00:03,
00217665,,,,2025-10-01 10:00:04,
00217709,,,,2025-10-01 10:00:04,
00217807,,,,2025-10-01 10:00:06,
00217932,,,,2025-10-01 10:00:08,
00218067,,,,2025-10-01 10:00:08,
00218171,,,,2025-10-01 10:00:09,
00218263,,,,2025-10-01 10:00:11,
00218290,志虹投資有限公司,02-87299653,有 YES,有 YES,2025-10-01 10:00:12
00218587,,,,2025-10-01 10:00:13,
00218974,,,,2025-10-01 10:00:15,
00219024,,,,2025-10-01 10:00:16,
00219066,,,,2025-10-01 10:00:17,
00219093,,,,2025-10-01 10:00:18,
00219278,,,,2025-10-01 10:00:19,
00219299,,,,2025-10-01 10:00:20,
00219426,,,,2025-10-01 10:00:21,
00219523,鴻鈦自動化股份有限公司,02-26686976,有 YES,有 YES,2025-10-01 10:00:22
00219571,,,,2025-10-01 10:00:23,
00219832,,,,2025-10-01 10:00:24,
00219946,,,,2025-10-01 10:00:24,
00220248,,,,2025-10-01 10:00:25,
00220465,,,,2025-10-01 10:00:26,
00220747,,,,2025-10-01 10:00:27,
00221078,歐伊碁能源科技股份有限公司,,有 YES,有 YES,2025-10-01 10:00:28
00221154,,,,2025-10-01 10:00:29,
00221210,,,,2025-10-01 10:00:29,
